date,symbol,marketcapname,sector
09-02-2024,ONGC,Largecap,Oils
09-02-2024,TORNTPHARM,Largecap,Pharmaceuticals
09-02-2024,AMBUJACEM,Largecap,Industrials
09-02-2024,IRCTC,Largecap,Miscellaneous
09-02-2024,HCLTECH,Largecap,I.T
09-02-2024,IRFC,Largecap,Finance
09-02-2024,INDIGO,Largecap,Services
12-02-2024,SBILIFE,Largecap,Services
12-02-2024,MARUTI,Largecap,Auto
12-02-2024,TECHM,Largecap,I.T
13-02-2024,RELIANCE,Largecap,Industrials
13-02-2024,COLPAL,Largecap,FMCG
13-02-2024,SBILIFE,Largecap,Services
13-02-2024,MARUTI,Largecap,Auto
13-02-2024,ULTRACEMCO,Largecap,Industrials
13-02-2024,TCS,Largecap,I.T
13-02-2024,VBL,Largecap,FMCG
14-02-2024,SBIN,Largecap,Bank
14-02-2024,TORNTPHARM,Largecap,Pharmaceuticals
14-02-2024,BPCL,Largecap,Industrials
14-02-2024,IOC,Largecap,Industrials
14-02-2024,HCLTECH,Largecap,I.T
14-02-2024,GODREJCP,Largecap,FMCG
14-02-2024,PFC,Largecap,Finance
14-02-2024,POWERGRID,Largecap,Miscellaneous
15-02-2024,TATACONSUM,Largecap,FMCG
15-02-2024,APOLLOHOSP,Largecap,Pharmaceuticals
15-02-2024,MOTHERSON,Largecap,Auto
15-02-2024,SBILIFE,Largecap,Services
16-02-2024,TATAMTRDVR,Largecap,Auto
16-02-2024,BEL,Largecap,Aerospace & Defence
16-02-2024,GRASIM,Largecap,Textiles
16-02-2024,RELIANCE,Largecap,Industrials
16-02-2024,TATAPOWER,Largecap,Miscellaneous
16-02-2024,AMBUJACEM,Largecap,Industrials
16-02-2024,TATASTEEL,Largecap,Metals
16-02-2024,SIEMENS,Largecap,FMCG
16-02-2024,TATAMOTORS,Largecap,Auto
16-02-2024,TATACONSUM,Largecap,FMCG
16-02-2024,SHRIRAMFIN,Largecap,Finance
16-02-2024,SBILIFE,Largecap,Services
16-02-2024,HAL,Largecap,Aerospace & Defence
16-02-2024,BANKBARODA,Largecap,Bank
16-02-2024,JINDALSTEL,Largecap,Metals
16-02-2024,PFC,Largecap,Finance
16-02-2024,DLF,Largecap,Realty
16-02-2024,ADANIPORTS,Largecap,Industrials
16-02-2024,RECLTD,Largecap,Finance
16-02-2024,ADANIPOWER,Largecap,Miscellaneous
19-02-2024,BEL,Largecap,Aerospace & Defence
19-02-2024,CIPLA,Largecap,Pharmaceuticals
19-02-2024,INFY,Largecap,I.T
19-02-2024,TRENT,Largecap,FMCG
19-02-2024,VEDL,Largecap,Industrials
19-02-2024,TATASTEEL,Largecap,Metals
19-02-2024,SIEMENS,Largecap,FMCG
19-02-2024,TATACONSUM,Largecap,FMCG
19-02-2024,SHRIRAMFIN,Largecap,Finance
19-02-2024,ADANIENT,Largecap,Services
19-02-2024,LICI,Largecap,Services
19-02-2024,MOTHERSON,Largecap,Auto
19-02-2024,SUNPHARMA,Largecap,Pharmaceuticals
19-02-2024,ICICIGI,Largecap,Services
19-02-2024,ADANIGREEN,Largecap,Miscellaneous
19-02-2024,BANKBARODA,Largecap,Bank
19-02-2024,GAIL,Largecap,Industrials
19-02-2024,ICICIBANK,Largecap,Bank
19-02-2024,JINDALSTEL,Largecap,Metals
19-02-2024,ZYDUSLIFE,Largecap,Pharmaceuticals
19-02-2024,BHARTIARTL,Largecap,Telecom
19-02-2024,PNB,Largecap,Bank
19-02-2024,CANBK,Largecap,Bank
19-02-2024,TCS,Largecap,I.T
19-02-2024,NTPC,Largecap,Miscellaneous
19-02-2024,TECHM,Largecap,I.T
19-02-2024,COALINDIA,Largecap,Industrials
20-02-2024,SBIN,Largecap,Bank
20-02-2024,TRENT,Largecap,FMCG
20-02-2024,VEDL,Largecap,Industrials
20-02-2024,ONGC,Largecap,Oils
20-02-2024,PIDILITIND,Largecap,Industrials
20-02-2024,TATAPOWER,Largecap,Miscellaneous
20-02-2024,BPCL,Largecap,Industrials
20-02-2024,SIEMENS,Largecap,FMCG
20-02-2024,COLPAL,Largecap,FMCG
20-02-2024,ICICIGI,Largecap,Services
20-02-2024,IOC,Largecap,Industrials
20-02-2024,IRCTC,Largecap,Miscellaneous
20-02-2024,HCLTECH,Largecap,I.T
20-02-2024,PNB,Largecap,Bank
20-02-2024,NTPC,Largecap,Miscellaneous
20-02-2024,POWERGRID,Largecap,Miscellaneous
20-02-2024,INDIGO,Largecap,Services
20-02-2024,VBL,Largecap,FMCG
21-02-2024,SBIN,Largecap,Bank
21-02-2024,TRENT,Largecap,FMCG
21-02-2024,VEDL,Largecap,Industrials
21-02-2024,RELIANCE,Largecap,Industrials
21-02-2024,TATAPOWER,Largecap,Miscellaneous
21-02-2024,BOSCHLTD,Largecap,Auto
21-02-2024,SIEMENS,Largecap,FMCG
21-02-2024,LICI,Largecap,Services
21-02-2024,HAL,Largecap,Aerospace & Defence
21-02-2024,IRCTC,Largecap,Miscellaneous
21-02-2024,BANKBARODA,Largecap,Bank
21-02-2024,GAIL,Largecap,Industrials
21-02-2024,PNB,Largecap,Bank
21-02-2024,CANBK,Largecap,Bank
21-02-2024,NAUKRI,Largecap,I.T
21-02-2024,IRFC,Largecap,Finance
22-02-2024,MOTHERSON,Largecap,Auto
22-02-2024,SUNPHARMA,Largecap,Pharmaceuticals
22-02-2024,UNITDSPR,Largecap,FMCG
22-02-2024,MARUTI,Largecap,Auto
23-02-2024,PIDILITIND,Largecap,Industrials
23-02-2024,JINDALSTEL,Largecap,Metals
23-02-2024,TVSMOTOR,Largecap,Auto
26-02-2024,TATAMTRDVR,Largecap,Auto
26-02-2024,ONGC,Largecap,Oils
26-02-2024,TATAPOWER,Largecap,Miscellaneous
26-02-2024,TORNTPHARM,Largecap,Pharmaceuticals
26-02-2024,BPCL,Largecap,Industrials
26-02-2024,TATAMOTORS,Largecap,Auto
26-02-2024,TATACONSUM,Largecap,FMCG
26-02-2024,WIPRO,Largecap,I.T
26-02-2024,APOLLOHOSP,Largecap,Pharmaceuticals
26-02-2024,ADANIGREEN,Largecap,Miscellaneous
26-02-2024,JINDALSTEL,Largecap,Metals
26-02-2024,TVSMOTOR,Largecap,Auto
26-02-2024,PFC,Largecap,Finance
26-02-2024,DLF,Largecap,Realty
26-02-2024,RECLTD,Largecap,Finance
26-02-2024,COALINDIA,Largecap,Industrials
26-02-2024,ZOMATO,Largecap,I.T
27-02-2024,CIPLA,Largecap,Pharmaceuticals
27-02-2024,HEROMOTOCO,Largecap,Auto
27-02-2024,ONGC,Largecap,Oils
27-02-2024,RELIANCE,Largecap,Industrials
27-02-2024,TATAPOWER,Largecap,Miscellaneous
27-02-2024,TORNTPHARM,Largecap,Pharmaceuticals
27-02-2024,BAJAJHLDNG,Largecap,Finance
27-02-2024,M&M,Largecap,Auto
27-02-2024,COLPAL,Largecap,FMCG
27-02-2024,SRF,Largecap,Industrials
27-02-2024,MOTHERSON,Largecap,Auto
27-02-2024,MARUTI,Largecap,Auto
27-02-2024,NTPC,Largecap,Miscellaneous
27-02-2024,RECLTD,Largecap,Finance
27-02-2024,COALINDIA,Largecap,Industrials
28-02-2024,DRREDDY,Largecap,Pharmaceuticals
28-02-2024,INFY,Largecap,I.T
28-02-2024,GRASIM,Largecap,Textiles
28-02-2024,MOTHERSON,Largecap,Auto
28-02-2024,UNITDSPR,Largecap,FMCG
28-02-2024,NTPC,Largecap,Miscellaneous
28-02-2024,TECHM,Largecap,I.T
28-02-2024,BAJAJ-AUTO,Largecap,Auto
28-02-2024,INDIGO,Largecap,Services
29-02-2024,SBILIFE,Largecap,Services
29-02-2024,TCS,Largecap,I.T
01-03-2024,ABB,Largecap,FMCG
01-03-2024,IOC,Largecap,Industrials
01-03-2024,IRCTC,Largecap,Miscellaneous
02-03-2024,BEL,Largecap,Aerospace & Defence
02-03-2024,WIPRO,Largecap,I.T
02-03-2024,LICI,Largecap,Services
02-03-2024,IRCTC,Largecap,Miscellaneous
02-03-2024,GAIL,Largecap,Industrials
02-03-2024,CANBK,Largecap,Bank
02-03-2024,TCS,Largecap,I.T
02-03-2024,POWERGRID,Largecap,Miscellaneous
02-03-2024,ADANIPOWER,Largecap,Miscellaneous
04-03-2024,ABB,Largecap,FMCG
04-03-2024,BEL,Largecap,Aerospace & Defence
04-03-2024,CIPLA,Largecap,Pharmaceuticals
04-03-2024,SBIN,Largecap,Bank
04-03-2024,HEROMOTOCO,Largecap,Auto
04-03-2024,INFY,Largecap,I.T
04-03-2024,TRENT,Largecap,FMCG
04-03-2024,VEDL,Largecap,Industrials
04-03-2024,ONGC,Largecap,Oils
04-03-2024,TATAPOWER,Largecap,Miscellaneous
04-03-2024,AMBUJACEM,Largecap,Industrials
04-03-2024,LT,Largecap,Realty
04-03-2024,M&M,Largecap,Auto
04-03-2024,BPCL,Largecap,Industrials
04-03-2024,SIEMENS,Largecap,FMCG
04-03-2024,COLPAL,Largecap,FMCG
04-03-2024,SRF,Largecap,Industrials
04-03-2024,EICHERMOT,Largecap,Auto
04-03-2024,WIPRO,Largecap,I.T
04-03-2024,APOLLOHOSP,Largecap,Pharmaceuticals
04-03-2024,SHRIRAMFIN,Largecap,Finance
04-03-2024,ADANIENT,Largecap,Services
04-03-2024,LICI,Largecap,Services
04-03-2024,MOTHERSON,Largecap,Auto
04-03-2024,ICICIGI,Largecap,Services
04-03-2024,HAL,Largecap,Aerospace & Defence
04-03-2024,IOC,Largecap,Industrials
04-03-2024,IRCTC,Largecap,Miscellaneous
04-03-2024,BANKBARODA,Largecap,Bank
04-03-2024,GAIL,Largecap,Industrials
04-03-2024,ICICIBANK,Largecap,Bank
04-03-2024,AXISBANK,Largecap,Bank
04-03-2024,HCLTECH,Largecap,I.T
04-03-2024,ZYDUSLIFE,Largecap,Pharmaceuticals
04-03-2024,GODREJCP,Largecap,FMCG
04-03-2024,BHARTIARTL,Largecap,Telecom
04-03-2024,PNB,Largecap,Bank
04-03-2024,CANBK,Largecap,Bank
04-03-2024,TCS,Largecap,I.T
04-03-2024,NAUKRI,Largecap,I.T
04-03-2024,DLF,Largecap,Realty
04-03-2024,POWERGRID,Largecap,Miscellaneous
04-03-2024,ADANIPORTS,Largecap,Industrials
04-03-2024,ADANIPOWER,Largecap,Miscellaneous
04-03-2024,COALINDIA,Largecap,Industrials
04-03-2024,IRFC,Largecap,Finance
04-03-2024,ZOMATO,Largecap,I.T
04-03-2024,ADANIENSOL,Largecap,Miscellaneous
05-03-2024,SBIN,Largecap,Bank
05-03-2024,DMART,Largecap,FMCG
05-03-2024,HCLTECH,Largecap,I.T
05-03-2024,CANBK,Largecap,Bank
05-03-2024,ADANIPORTS,Largecap,Industrials
06-03-2024,ICICIGI,Largecap,Services
06-03-2024,ADANIGREEN,Largecap,Miscellaneous
06-03-2024,ATGL,Largecap,Industrials
06-03-2024,IOC,Largecap,Industrials
11-03-2024,CIPLA,Largecap,Pharmaceuticals
11-03-2024,DRREDDY,Largecap,Pharmaceuticals
11-03-2024,SUNPHARMA,Largecap,Pharmaceuticals
11-03-2024,SBILIFE,Largecap,Services
11-03-2024,GODREJCP,Largecap,FMCG
11-03-2024,UNITDSPR,Largecap,FMCG
11-03-2024,NTPC,Largecap,Miscellaneous
11-03-2024,VBL,Largecap,FMCG
12-03-2024,HAVELLS,Largecap,FMCG
12-03-2024,SBILIFE,Largecap,Services
13-03-2024,BHARTIARTL,Largecap,Telecom
15-03-2024,NESTLEIND,Largecap,FMCG
15-03-2024,MARUTI,Largecap,Auto
15-03-2024,BAJAJ-AUTO,Largecap,Auto
18-03-2024,TITAN,Largecap,Miscellaneous
18-03-2024,RELIANCE,Largecap,Industrials
18-03-2024,NESTLEIND,Largecap,FMCG
18-03-2024,SRF,Largecap,Industrials
18-03-2024,SBILIFE,Largecap,Services
18-03-2024,ZYDUSLIFE,Largecap,Pharmaceuticals
18-03-2024,TCS,Largecap,I.T
19-03-2024,HEROMOTOCO,Largecap,Auto
19-03-2024,TRENT,Largecap,FMCG
19-03-2024,ONGC,Largecap,Oils
19-03-2024,TATAPOWER,Largecap,Miscellaneous
19-03-2024,LT,Largecap,Realty
19-03-2024,BPCL,Largecap,Industrials
19-03-2024,COLPAL,Largecap,FMCG
19-03-2024,MOTHERSON,Largecap,Auto
19-03-2024,ICICIGI,Largecap,Services
19-03-2024,HAL,Largecap,Aerospace & Defence
19-03-2024,IOC,Largecap,Industrials
19-03-2024,CANBK,Largecap,Bank
19-03-2024,VBL,Largecap,FMCG
20-03-2024,SBIN,Largecap,Bank
20-03-2024,GRASIM,Largecap,Textiles
20-03-2024,TATAPOWER,Largecap,Miscellaneous
20-03-2024,DMART,Largecap,FMCG
20-03-2024,GAIL,Largecap,Industrials
20-03-2024,TVSMOTOR,Largecap,Auto
20-03-2024,CANBK,Largecap,Bank
20-03-2024,DLF,Largecap,Realty
20-03-2024,ZOMATO,Largecap,I.T
21-03-2024,TORNTPHARM,Largecap,Pharmaceuticals
21-03-2024,LT,Largecap,Realty
21-03-2024,BPCL,Largecap,Industrials
21-03-2024,HAVELLS,Largecap,FMCG
21-03-2024,DMART,Largecap,FMCG
21-03-2024,SBILIFE,Largecap,Services
21-03-2024,ADANIGREEN,Largecap,Miscellaneous
21-03-2024,TCS,Largecap,I.T
21-03-2024,ADANIPORTS,Largecap,Industrials
21-03-2024,INDIGO,Largecap,Services
21-03-2024,VBL,Largecap,FMCG
22-03-2024,ABB,Largecap,FMCG
22-03-2024,TATAMTRDVR,Largecap,Auto
22-03-2024,SBIN,Largecap,Bank
22-03-2024,TRENT,Largecap,FMCG
22-03-2024,GRASIM,Largecap,Textiles
22-03-2024,ONGC,Largecap,Oils
22-03-2024,RELIANCE,Largecap,Industrials
22-03-2024,PIDILITIND,Largecap,Industrials
22-03-2024,TATAPOWER,Largecap,Miscellaneous
22-03-2024,AMBUJACEM,Largecap,Industrials
22-03-2024,TATASTEEL,Largecap,Metals
22-03-2024,M&M,Largecap,Auto
22-03-2024,NESTLEIND,Largecap,FMCG
22-03-2024,TATACONSUM,Largecap,FMCG
22-03-2024,WIPRO,Largecap,I.T
22-03-2024,HAVELLS,Largecap,FMCG
22-03-2024,SBILIFE,Largecap,Services
22-03-2024,ADANIGREEN,Largecap,Miscellaneous
22-03-2024,BANKBARODA,Largecap,Bank
22-03-2024,ZYDUSLIFE,Largecap,Pharmaceuticals
22-03-2024,GODREJCP,Largecap,FMCG
22-03-2024,PNB,Largecap,Bank
22-03-2024,ADANIPORTS,Largecap,Industrials
22-03-2024,BAJAJ-AUTO,Largecap,Auto
22-03-2024,ZOMATO,Largecap,I.T
22-03-2024,INDIGO,Largecap,Services
26-03-2024,SBIN,Largecap,Bank
26-03-2024,TATAPOWER,Largecap,Miscellaneous
26-03-2024,ADANIGREEN,Largecap,Miscellaneous
26-03-2024,DLF,Largecap,Realty
27-03-2024,ABB,Largecap,FMCG
27-03-2024,CIPLA,Largecap,Pharmaceuticals
27-03-2024,PIDILITIND,Largecap,Industrials
27-03-2024,TATAPOWER,Largecap,Miscellaneous
27-03-2024,TATASTEEL,Largecap,Metals
27-03-2024,SUNPHARMA,Largecap,Pharmaceuticals
27-03-2024,ICICIBANK,Largecap,Bank
27-03-2024,GODREJCP,Largecap,FMCG
27-03-2024,PNB,Largecap,Bank
27-03-2024,CANBK,Largecap,Bank
27-03-2024,BAJAJ-AUTO,Largecap,Auto
27-03-2024,VBL,Largecap,FMCG
28-03-2024,TATAMTRDVR,Largecap,Auto
28-03-2024,TRENT,Largecap,FMCG
28-03-2024,TATASTEEL,Largecap,Metals
28-03-2024,TATAMOTORS,Largecap,Auto
28-03-2024,HAVELLS,Largecap,FMCG
28-03-2024,JINDALSTEL,Largecap,Metals
28-03-2024,DLF,Largecap,Realty
01-04-2024,BEL,Largecap,Aerospace & Defence
01-04-2024,HAL,Largecap,Aerospace & Defence
01-04-2024,PNB,Largecap,Bank
02-04-2024,CIPLA,Largecap,Pharmaceuticals
02-04-2024,GRASIM,Largecap,Textiles
02-04-2024,ONGC,Largecap,Oils
02-04-2024,RELIANCE,Largecap,Industrials
02-04-2024,BPCL,Largecap,Industrials
02-04-2024,SUNPHARMA,Largecap,Pharmaceuticals
02-04-2024,ICICIBANK,Largecap,Bank
02-04-2024,PNB,Largecap,Bank
02-04-2024,CANBK,Largecap,Bank
03-04-2024,TRENT,Largecap,FMCG
03-04-2024,TATAPOWER,Largecap,Miscellaneous
03-04-2024,TATAMOTORS,Largecap,Auto
03-04-2024,ZYDUSLIFE,Largecap,Pharmaceuticals
03-04-2024,NAUKRI,Largecap,I.T
03-04-2024,ZOMATO,Largecap,I.T
04-04-2024,ABB,Largecap,FMCG
04-04-2024,TITAN,Largecap,Miscellaneous
04-04-2024,JSWSTEEL,Largecap,Metals
04-04-2024,GRASIM,Largecap,Textiles
04-04-2024,PIDILITIND,Largecap,Industrials
04-04-2024,LT,Largecap,Realty
04-04-2024,BPCL,Largecap,Industrials
04-04-2024,SRF,Largecap,Industrials
04-04-2024,EICHERMOT,Largecap,Auto
04-04-2024,MOTHERSON,Largecap,Auto
04-04-2024,DMART,Largecap,FMCG
04-04-2024,ADANIGREEN,Largecap,Miscellaneous
04-04-2024,INDUSINDBK,Largecap,Bank
04-04-2024,ZYDUSLIFE,Largecap,Pharmaceuticals
04-04-2024,MARUTI,Largecap,Auto
04-04-2024,NAUKRI,Largecap,I.T
04-04-2024,ADANIPORTS,Largecap,Industrials
04-04-2024,BAJAJFINSV,Largecap,Finance
04-04-2024,ZOMATO,Largecap,I.T
05-04-2024,PIDILITIND,Largecap,Industrials
05-04-2024,JINDALSTEL,Largecap,Metals
05-04-2024,ZYDUSLIFE,Largecap,Pharmaceuticals
08-04-2024,TATAMTRDVR,Largecap,Auto
08-04-2024,HINDALCO,Largecap,Metals
08-04-2024,M&M,Largecap,Auto
08-04-2024,TATAMOTORS,Largecap,Auto
08-04-2024,COLPAL,Largecap,FMCG
08-04-2024,SRF,Largecap,Industrials
08-04-2024,SHRIRAMFIN,Largecap,Finance
08-04-2024,HAVELLS,Largecap,FMCG
08-04-2024,TVSMOTOR,Largecap,Auto
08-04-2024,UNITDSPR,Largecap,FMCG
08-04-2024,BAJAJ-AUTO,Largecap,Auto
08-04-2024,COALINDIA,Largecap,Industrials
08-04-2024,INDIGO,Largecap,Services
09-04-2024,SBIN,Largecap,Bank
09-04-2024,TATAPOWER,Largecap,Miscellaneous
09-04-2024,AMBUJACEM,Largecap,Industrials
09-04-2024,TATASTEEL,Largecap,Metals
09-04-2024,SIEMENS,Largecap,FMCG
09-04-2024,HAL,Largecap,Aerospace & Defence
09-04-2024,ZYDUSLIFE,Largecap,Pharmaceuticals
09-04-2024,BAJAJFINSV,Largecap,Finance
09-04-2024,ZOMATO,Largecap,I.T
10-04-2024,M&M,Largecap,Auto
10-04-2024,NESTLEIND,Largecap,FMCG
10-04-2024,BHARTIARTL,Largecap,Telecom
12-04-2024,TITAN,Largecap,Miscellaneous
12-04-2024,GRASIM,Largecap,Textiles
12-04-2024,ONGC,Largecap,Oils
12-04-2024,PIDILITIND,Largecap,Industrials
12-04-2024,AMBUJACEM,Largecap,Industrials
12-04-2024,SIEMENS,Largecap,FMCG
12-04-2024,APOLLOHOSP,Largecap,Pharmaceuticals
12-04-2024,IRCTC,Largecap,Miscellaneous
12-04-2024,INDUSINDBK,Largecap,Bank
12-04-2024,ZYDUSLIFE,Largecap,Pharmaceuticals
12-04-2024,DLF,Largecap,Realty
12-04-2024,ADANIPORTS,Largecap,Industrials
12-04-2024,ADANIPOWER,Largecap,Miscellaneous
15-04-2024,BHARTIARTL,Largecap,Telecom
15-04-2024,BAJAJFINSV,Largecap,Finance
16-04-2024,NAUKRI,Largecap,I.T
18-04-2024,DMART,Largecap,FMCG
18-04-2024,NAUKRI,Largecap,I.T
19-04-2024,EICHERMOT,Largecap,Auto
19-04-2024,UNITDSPR,Largecap,FMCG
22-04-2024,COLPAL,Largecap,FMCG
23-04-2024,BEL,Largecap,Aerospace & Defence
23-04-2024,GRASIM,Largecap,Textiles
23-04-2024,RELIANCE,Largecap,Industrials
23-04-2024,TATAPOWER,Largecap,Miscellaneous
23-04-2024,AMBUJACEM,Largecap,Industrials
23-04-2024,HINDALCO,Largecap,Metals
23-04-2024,COLPAL,Largecap,FMCG
23-04-2024,SRF,Largecap,Industrials
23-04-2024,ICICIGI,Largecap,Services
23-04-2024,IRCTC,Largecap,Miscellaneous
23-04-2024,MARUTI,Largecap,Auto
23-04-2024,POWERGRID,Largecap,Miscellaneous
23-04-2024,BAJAJ-AUTO,Largecap,Auto
23-04-2024,COALINDIA,Largecap,Industrials
24-04-2024,TRENT,Largecap,FMCG
24-04-2024,ONGC,Largecap,Oils
24-04-2024,TATAPOWER,Largecap,Miscellaneous
24-04-2024,HINDALCO,Largecap,Metals
24-04-2024,TATASTEEL,Largecap,Metals
24-04-2024,LT,Largecap,Realty
24-04-2024,SIEMENS,Largecap,FMCG
24-04-2024,EICHERMOT,Largecap,Auto
24-04-2024,SHRIRAMFIN,Largecap,Finance
24-04-2024,MOTHERSON,Largecap,Auto
24-04-2024,HAVELLS,Largecap,FMCG
24-04-2024,HAL,Largecap,Aerospace & Defence
24-04-2024,GAIL,Largecap,Industrials
24-04-2024,INDUSINDBK,Largecap,Bank
24-04-2024,PNB,Largecap,Bank
24-04-2024,CANBK,Largecap,Bank
24-04-2024,NTPC,Largecap,Miscellaneous
24-04-2024,BAJAJ-AUTO,Largecap,Auto
24-04-2024,ADANIPOWER,Largecap,Miscellaneous
24-04-2024,INDIGO,Largecap,Services
25-04-2024,ABB,Largecap,FMCG
25-04-2024,TATAMTRDVR,Largecap,Auto
25-04-2024,SBIN,Largecap,Bank
25-04-2024,VEDL,Largecap,Industrials
25-04-2024,M&M,Largecap,Auto
25-04-2024,SIEMENS,Largecap,FMCG
25-04-2024,TATAMOTORS,Largecap,Auto
25-04-2024,EICHERMOT,Largecap,Auto
25-04-2024,MOTHERSON,Largecap,Auto
25-04-2024,DMART,Largecap,FMCG
25-04-2024,IRCTC,Largecap,Miscellaneous
25-04-2024,ICICIBANK,Largecap,Bank
25-04-2024,PNB,Largecap,Bank
25-04-2024,MARUTI,Largecap,Auto
25-04-2024,NAUKRI,Largecap,I.T
25-04-2024,DLF,Largecap,Realty
25-04-2024,ADANIPORTS,Largecap,Industrials
26-04-2024,PIDILITIND,Largecap,Industrials
26-04-2024,MOTHERSON,Largecap,Auto
26-04-2024,HAVELLS,Largecap,FMCG
26-04-2024,GAIL,Largecap,Industrials
26-04-2024,ADANIPOWER,Largecap,Miscellaneous
29-04-2024,BEL,Largecap,Aerospace & Defence
29-04-2024,TRENT,Largecap,FMCG
29-04-2024,SRF,Largecap,Industrials
29-04-2024,ZOMATO,Largecap,I.T
30-04-2024,TATAMTRDVR,Largecap,Auto
30-04-2024,JSWSTEEL,Largecap,Metals
30-04-2024,ONGC,Largecap,Oils
30-04-2024,LT,Largecap,Realty
30-04-2024,SIEMENS,Largecap,FMCG
30-04-2024,TATAMOTORS,Largecap,Auto
30-04-2024,JINDALSTEL,Largecap,Metals
30-04-2024,BAJAJFINSV,Largecap,Finance
02-05-2024,BHARTIARTL,Largecap,Telecom
02-05-2024,COALINDIA,Largecap,Industrials
02-05-2024,INDIGO,Largecap,Services
03-05-2024,JSWSTEEL,Largecap,Metals
03-05-2024,HAL,Largecap,Aerospace & Defence
03-05-2024,ZOMATO,Largecap,I.T
06-05-2024,M&M,Largecap,Auto
06-05-2024,SIEMENS,Largecap,FMCG
06-05-2024,COLPAL,Largecap,FMCG
07-05-2024,PIDILITIND,Largecap,Industrials
07-05-2024,NAUKRI,Largecap,I.T
09-05-2024,TRENT,Largecap,FMCG
09-05-2024,AMBUJACEM,Largecap,Industrials
09-05-2024,M&M,Largecap,Auto
09-05-2024,ICICIBANK,Largecap,Bank
09-05-2024,AXISBANK,Largecap,Bank
09-05-2024,MARUTI,Largecap,Auto
09-05-2024,TECHM,Largecap,I.T
13-05-2024,BEL,Largecap,Aerospace & Defence
13-05-2024,HINDALCO,Largecap,Metals
13-05-2024,TATASTEEL,Largecap,Metals
13-05-2024,IRCTC,Largecap,Miscellaneous
13-05-2024,JINDALSTEL,Largecap,Metals
13-05-2024,ZYDUSLIFE,Largecap,Pharmaceuticals
13-05-2024,MARUTI,Largecap,Auto
13-05-2024,NTPC,Largecap,Miscellaneous
13-05-2024,BAJAJ-AUTO,Largecap,Auto
13-05-2024,INDIGO,Largecap,Services
14-05-2024,GRASIM,Largecap,Textiles
14-05-2024,TORNTPHARM,Largecap,Pharmaceuticals
14-05-2024,GAIL,Largecap,Industrials
14-05-2024,BHARTIARTL,Largecap,Telecom
14-05-2024,TECHM,Largecap,I.T
15-05-2024,TATAMTRDVR,Largecap,Auto
15-05-2024,SBIN,Largecap,Bank
15-05-2024,GRASIM,Largecap,Textiles
15-05-2024,HINDALCO,Largecap,Metals
15-05-2024,BPCL,Largecap,Industrials
15-05-2024,TATAMOTORS,Largecap,Auto
15-05-2024,ICICIGI,Largecap,Services
15-05-2024,ICICIBANK,Largecap,Bank
15-05-2024,UNITDSPR,Largecap,FMCG
15-05-2024,BHARTIARTL,Largecap,Telecom
15-05-2024,MARUTI,Largecap,Auto
15-05-2024,NTPC,Largecap,Miscellaneous
15-05-2024,PFC,Largecap,Finance
15-05-2024,POWERGRID,Largecap,Miscellaneous
15-05-2024,RECLTD,Largecap,Finance
15-05-2024,COALINDIA,Largecap,Industrials
16-05-2024,ABB,Largecap,FMCG
16-05-2024,BEL,Largecap,Aerospace & Defence
16-05-2024,SBIN,Largecap,Bank
16-05-2024,HEROMOTOCO,Largecap,Auto
16-05-2024,TRENT,Largecap,FMCG
16-05-2024,VEDL,Largecap,Industrials
16-05-2024,ONGC,Largecap,Oils
16-05-2024,TATAPOWER,Largecap,Miscellaneous
16-05-2024,TORNTPHARM,Largecap,Pharmaceuticals
16-05-2024,HINDALCO,Largecap,Metals
16-05-2024,BRITANNIA,Largecap,FMCG
16-05-2024,MOTHERSON,Largecap,Auto
16-05-2024,HAVELLS,Largecap,FMCG
16-05-2024,DMART,Largecap,FMCG
16-05-2024,IRCTC,Largecap,Miscellaneous
16-05-2024,GAIL,Largecap,Industrials
16-05-2024,AXISBANK,Largecap,Bank
16-05-2024,UNITDSPR,Largecap,FMCG
16-05-2024,MARUTI,Largecap,Auto
16-05-2024,NTPC,Largecap,Miscellaneous
16-05-2024,RECLTD,Largecap,Finance
16-05-2024,IRFC,Largecap,Finance
17-05-2024,TATAPOWER,Largecap,Miscellaneous
17-05-2024,COLPAL,Largecap,FMCG
17-05-2024,MOTHERSON,Largecap,Auto
17-05-2024,DMART,Largecap,FMCG
17-05-2024,ICICIGI,Largecap,Services
17-05-2024,IRCTC,Largecap,Miscellaneous
17-05-2024,JINDALSTEL,Largecap,Metals
17-05-2024,RECLTD,Largecap,Finance
17-05-2024,IRFC,Largecap,Finance
17-05-2024,VBL,Largecap,FMCG
18-05-2024,VEDL,Largecap,Industrials
18-05-2024,TATAPOWER,Largecap,Miscellaneous
18-05-2024,HINDALCO,Largecap,Metals
18-05-2024,BPCL,Largecap,Industrials
18-05-2024,NTPC,Largecap,Miscellaneous
18-05-2024,RECLTD,Largecap,Finance
18-05-2024,ADANIPOWER,Largecap,Miscellaneous
18-05-2024,ZOMATO,Largecap,I.T
18-05-2024,VBL,Largecap,FMCG
21-05-2024,ABB,Largecap,FMCG
21-05-2024,SBIN,Largecap,Bank
21-05-2024,HEROMOTOCO,Largecap,Auto
21-05-2024,JSWSTEEL,Largecap,Metals
21-05-2024,TRENT,Largecap,FMCG
21-05-2024,GRASIM,Largecap,Textiles
21-05-2024,ONGC,Largecap,Oils
21-05-2024,TORNTPHARM,Largecap,Pharmaceuticals
21-05-2024,HINDALCO,Largecap,Metals
21-05-2024,TATASTEEL,Largecap,Metals
21-05-2024,BAJAJHLDNG,Largecap,Finance
21-05-2024,M&M,Largecap,Auto
21-05-2024,BPCL,Largecap,Industrials
21-05-2024,SIEMENS,Largecap,FMCG
21-05-2024,BRITANNIA,Largecap,FMCG
21-05-2024,COLPAL,Largecap,FMCG
21-05-2024,EICHERMOT,Largecap,Auto
21-05-2024,ICICIBANK,Largecap,Bank
21-05-2024,AXISBANK,Largecap,Bank
21-05-2024,JINDALSTEL,Largecap,Metals
21-05-2024,ZYDUSLIFE,Largecap,Pharmaceuticals
21-05-2024,TVSMOTOR,Largecap,Auto
21-05-2024,UNITDSPR,Largecap,FMCG
21-05-2024,BHARTIARTL,Largecap,Telecom
21-05-2024,MARUTI,Largecap,Auto
21-05-2024,NTPC,Largecap,Miscellaneous
21-05-2024,TECHM,Largecap,I.T
21-05-2024,PFC,Largecap,Finance
21-05-2024,POWERGRID,Largecap,Miscellaneous
21-05-2024,RECLTD,Largecap,Finance
21-05-2024,BAJAJ-AUTO,Largecap,Auto
21-05-2024,ADANIPOWER,Largecap,Miscellaneous
21-05-2024,COALINDIA,Largecap,Industrials
21-05-2024,ZOMATO,Largecap,I.T
21-05-2024,INDIGO,Largecap,Services
21-05-2024,VBL,Largecap,FMCG
22-05-2024,BOSCHLTD,Largecap,Auto
22-05-2024,CHOLAFIN,Largecap,Finance
23-05-2024,EICHERMOT,Largecap,Auto
24-05-2024,BOSCHLTD,Largecap,Auto
24-05-2024,CHOLAFIN,Largecap,Finance
24-05-2024,HAL,Largecap,Aerospace & Defence
24-05-2024,GAIL,Largecap,Industrials
27-05-2024,VEDL,Largecap,Industrials
27-05-2024,BRITANNIA,Largecap,FMCG
28-05-2024,CHOLAFIN,Largecap,Finance
29-05-2024,PIDILITIND,Largecap,Industrials
29-05-2024,HAVELLS,Largecap,FMCG
30-05-2024,ABB,Largecap,FMCG
30-05-2024,BEL,Largecap,Aerospace & Defence
30-05-2024,JSWSTEEL,Largecap,Metals
30-05-2024,ONGC,Largecap,Oils
30-05-2024,PIDILITIND,Largecap,Industrials
30-05-2024,TATASTEEL,Largecap,Metals
30-05-2024,BPCL,Largecap,Industrials
30-05-2024,BANKBARODA,Largecap,Bank
30-05-2024,GAIL,Largecap,Industrials
30-05-2024,JINDALSTEL,Largecap,Metals
30-05-2024,ZYDUSLIFE,Largecap,Pharmaceuticals
30-05-2024,UNITDSPR,Largecap,FMCG
30-05-2024,MARUTI,Largecap,Auto
30-05-2024,COALINDIA,Largecap,Industrials
30-05-2024,ADANIENSOL,Largecap,Miscellaneous
31-05-2024,BEL,Largecap,Aerospace & Defence
31-05-2024,TRENT,Largecap,FMCG
31-05-2024,LICI,Largecap,Services
31-05-2024,JINDALSTEL,Largecap,Metals
31-05-2024,TVSMOTOR,Largecap,Auto
31-05-2024,UNITDSPR,Largecap,FMCG
31-05-2024,COALINDIA,Largecap,Industrials
31-05-2024,IRFC,Largecap,Finance
04-06-2024,GRASIM,Largecap,Textiles
07-06-2024,ADANIENT,Largecap,Services
07-06-2024,MOTHERSON,Largecap,Auto
07-06-2024,VBL,Largecap,FMCG
10-06-2024,ABB,Largecap,FMCG
10-06-2024,CIPLA,Largecap,Pharmaceuticals
10-06-2024,VEDL,Largecap,Industrials
10-06-2024,PIDILITIND,Largecap,Industrials
10-06-2024,HINDALCO,Largecap,Metals
10-06-2024,CHOLAFIN,Largecap,Finance
10-06-2024,ADANIENT,Largecap,Services
10-06-2024,HAVELLS,Largecap,FMCG
10-06-2024,ADANIPORTS,Largecap,Industrials
10-06-2024,RECLTD,Largecap,Finance
10-06-2024,BAJAJ-AUTO,Largecap,Auto
10-06-2024,INDIGO,Largecap,Services
11-06-2024,SBIN,Largecap,Bank
11-06-2024,TORNTPHARM,Largecap,Pharmaceuticals
11-06-2024,HINDALCO,Largecap,Metals
11-06-2024,SIEMENS,Largecap,FMCG
11-06-2024,COLPAL,Largecap,FMCG
11-06-2024,EICHERMOT,Largecap,Auto
11-06-2024,ADANIENT,Largecap,Services
11-06-2024,LICI,Largecap,Services
11-06-2024,HAL,Largecap,Aerospace & Defence
11-06-2024,ICICIBANK,Largecap,Bank
11-06-2024,TVSMOTOR,Largecap,Auto
11-06-2024,BHARTIARTL,Largecap,Telecom
11-06-2024,DIVISLAB,Largecap,Pharmaceuticals
11-06-2024,NTPC,Largecap,Miscellaneous
11-06-2024,PFC,Largecap,Finance
11-06-2024,COALINDIA,Largecap,Industrials
12-06-2024,BEL,Largecap,Aerospace & Defence
12-06-2024,CIPLA,Largecap,Pharmaceuticals
12-06-2024,SBIN,Largecap,Bank
12-06-2024,JSWSTEEL,Largecap,Metals
12-06-2024,PIDILITIND,Largecap,Industrials
12-06-2024,TATAPOWER,Largecap,Miscellaneous
12-06-2024,AMBUJACEM,Largecap,Industrials
12-06-2024,HINDALCO,Largecap,Metals
12-06-2024,TATASTEEL,Largecap,Metals
12-06-2024,M&M,Largecap,Auto
12-06-2024,ADANIENT,Largecap,Services
12-06-2024,MOTHERSON,Largecap,Auto
12-06-2024,ADANIGREEN,Largecap,Miscellaneous
12-06-2024,ATGL,Largecap,Industrials
12-06-2024,ICICIBANK,Largecap,Bank
12-06-2024,AXISBANK,Largecap,Bank
12-06-2024,JINDALSTEL,Largecap,Metals
12-06-2024,ZYDUSLIFE,Largecap,Pharmaceuticals
12-06-2024,GODREJCP,Largecap,FMCG
12-06-2024,ULTRACEMCO,Largecap,Industrials
12-06-2024,NTPC,Largecap,Miscellaneous
12-06-2024,TECHM,Largecap,I.T
12-06-2024,NAUKRI,Largecap,I.T
12-06-2024,PFC,Largecap,Finance
12-06-2024,POWERGRID,Largecap,Miscellaneous
12-06-2024,RECLTD,Largecap,Finance
12-06-2024,ADANIPOWER,Largecap,Miscellaneous
12-06-2024,COALINDIA,Largecap,Industrials
12-06-2024,IRFC,Largecap,Finance
13-06-2024,CIPLA,Largecap,Pharmaceuticals
13-06-2024,DABUR,Largecap,FMCG
13-06-2024,HEROMOTOCO,Largecap,Auto
13-06-2024,VEDL,Largecap,Industrials
13-06-2024,GRASIM,Largecap,Textiles
13-06-2024,TATAPOWER,Largecap,Miscellaneous
13-06-2024,TATASTEEL,Largecap,Metals
13-06-2024,COLPAL,Largecap,FMCG
13-06-2024,ADANIENT,Largecap,Services
13-06-2024,MOTHERSON,Largecap,Auto
13-06-2024,HAVELLS,Largecap,FMCG
13-06-2024,HAL,Largecap,Aerospace & Defence
13-06-2024,ADANIGREEN,Largecap,Miscellaneous
13-06-2024,ATGL,Largecap,Industrials
13-06-2024,GAIL,Largecap,Industrials
13-06-2024,TVSMOTOR,Largecap,Auto
13-06-2024,NAUKRI,Largecap,I.T
13-06-2024,ADANIPORTS,Largecap,Industrials
13-06-2024,ADANIPOWER,Largecap,Miscellaneous
13-06-2024,IRFC,Largecap,Finance
13-06-2024,VBL,Largecap,FMCG
14-06-2024,SBIN,Largecap,Bank
14-06-2024,VEDL,Largecap,Industrials
14-06-2024,GRASIM,Largecap,Textiles
14-06-2024,RELIANCE,Largecap,Industrials
14-06-2024,PIDILITIND,Largecap,Industrials
14-06-2024,HINDALCO,Largecap,Metals
14-06-2024,MOTHERSON,Largecap,Auto
14-06-2024,HAVELLS,Largecap,FMCG
14-06-2024,BANKBARODA,Largecap,Bank
14-06-2024,JINDALSTEL,Largecap,Metals
14-06-2024,GODREJCP,Largecap,FMCG
14-06-2024,ADANIPORTS,Largecap,Industrials
14-06-2024,RECLTD,Largecap,Finance
14-06-2024,BAJAJ-AUTO,Largecap,Auto
18-06-2024,PIDILITIND,Largecap,Industrials
18-06-2024,TATASTEEL,Largecap,Metals
18-06-2024,NESTLEIND,Largecap,FMCG
18-06-2024,TATACONSUM,Largecap,FMCG
18-06-2024,BRITANNIA,Largecap,FMCG
18-06-2024,APOLLOHOSP,Largecap,Pharmaceuticals
18-06-2024,CHOLAFIN,Largecap,Finance
18-06-2024,DMART,Largecap,FMCG
18-06-2024,MARICO,Largecap,FMCG
18-06-2024,AXISBANK,Largecap,Bank
18-06-2024,BHARTIARTL,Largecap,Telecom
18-06-2024,MARUTI,Largecap,Auto
18-06-2024,ULTRACEMCO,Largecap,Industrials
18-06-2024,PFC,Largecap,Finance
18-06-2024,ADANIPOWER,Largecap,Miscellaneous
18-06-2024,COALINDIA,Largecap,Industrials
18-06-2024,INDIGO,Largecap,Services
19-06-2024,CIPLA,Largecap,Pharmaceuticals
19-06-2024,JSWSTEEL,Largecap,Metals
19-06-2024,VEDL,Largecap,Industrials
19-06-2024,GRASIM,Largecap,Textiles
19-06-2024,PIDILITIND,Largecap,Industrials
19-06-2024,LT,Largecap,Realty
19-06-2024,NESTLEIND,Largecap,FMCG
19-06-2024,BRITANNIA,Largecap,FMCG
19-06-2024,CHOLAFIN,Largecap,Finance
19-06-2024,ADANIGREEN,Largecap,Miscellaneous
19-06-2024,MARICO,Largecap,FMCG
19-06-2024,BANKBARODA,Largecap,Bank
19-06-2024,GAIL,Largecap,Industrials
19-06-2024,AXISBANK,Largecap,Bank
19-06-2024,CANBK,Largecap,Bank
19-06-2024,DIVISLAB,Largecap,Pharmaceuticals
19-06-2024,NTPC,Largecap,Miscellaneous
19-06-2024,PFC,Largecap,Finance
19-06-2024,INDIGO,Largecap,Services
20-06-2024,DABUR,Largecap,FMCG
20-06-2024,TRENT,Largecap,FMCG
21-06-2024,SIEMENS,Largecap,FMCG
21-06-2024,TATAMOTORS,Largecap,Auto
21-06-2024,TATACONSUM,Largecap,FMCG
21-06-2024,LICI,Largecap,Services
21-06-2024,HAVELLS,Largecap,FMCG
21-06-2024,UNITDSPR,Largecap,FMCG
21-06-2024,IRFC,Largecap,Finance
24-06-2024,SHRIRAMFIN,Largecap,Finance
24-06-2024,ATGL,Largecap,Industrials
25-06-2024,RELIANCE,Largecap,Industrials
25-06-2024,COLPAL,Largecap,FMCG
25-06-2024,WIPRO,Largecap,I.T
25-06-2024,SBILIFE,Largecap,Services
25-06-2024,AXISBANK,Largecap,Bank
25-06-2024,TVSMOTOR,Largecap,Auto
25-06-2024,VBL,Largecap,FMCG
26-06-2024,ABB,Largecap,FMCG
26-06-2024,BEL,Largecap,Aerospace & Defence
26-06-2024,DRREDDY,Largecap,Pharmaceuticals
26-06-2024,JSWSTEEL,Largecap,Metals
26-06-2024,GRASIM,Largecap,Textiles
26-06-2024,TORNTPHARM,Largecap,Pharmaceuticals
26-06-2024,COLPAL,Largecap,FMCG
26-06-2024,ADANIENT,Largecap,Services
26-06-2024,HAL,Largecap,Aerospace & Defence
26-06-2024,GAIL,Largecap,Industrials
26-06-2024,GODREJCP,Largecap,FMCG
26-06-2024,RECLTD,Largecap,Finance
27-06-2024,ABB,Largecap,FMCG
27-06-2024,BEL,Largecap,Aerospace & Defence
27-06-2024,DRREDDY,Largecap,Pharmaceuticals
27-06-2024,HDFCBANK,Largecap,Bank
27-06-2024,LT,Largecap,Realty
27-06-2024,SRF,Largecap,Industrials
27-06-2024,ADANIENT,Largecap,Services
27-06-2024,MOTHERSON,Largecap,Auto
27-06-2024,IOC,Largecap,Industrials
27-06-2024,JINDALSTEL,Largecap,Metals
27-06-2024,DIVISLAB,Largecap,Pharmaceuticals
27-06-2024,PFC,Largecap,Finance
27-06-2024,DLF,Largecap,Realty
27-06-2024,POWERGRID,Largecap,Miscellaneous
27-06-2024,ADANIPORTS,Largecap,Industrials
27-06-2024,RECLTD,Largecap,Finance
27-06-2024,ADANIPOWER,Largecap,Miscellaneous
27-06-2024,COALINDIA,Largecap,Industrials
28-06-2024,SBIN,Largecap,Bank
28-06-2024,HEROMOTOCO,Largecap,Auto
28-06-2024,TRENT,Largecap,FMCG
28-06-2024,BRITANNIA,Largecap,FMCG
28-06-2024,HAL,Largecap,Aerospace & Defence
28-06-2024,DIVISLAB,Largecap,Pharmaceuticals
28-06-2024,NAUKRI,Largecap,I.T
01-07-2024,CIPLA,Largecap,Pharmaceuticals
01-07-2024,TATAPOWER,Largecap,Miscellaneous
01-07-2024,HINDALCO,Largecap,Metals
01-07-2024,M&M,Largecap,Auto
01-07-2024,EICHERMOT,Largecap,Auto
01-07-2024,ICICIGI,Largecap,Services
01-07-2024,HAL,Largecap,Aerospace & Defence
01-07-2024,JINDALSTEL,Largecap,Metals
01-07-2024,BAJAJ-AUTO,Largecap,Auto
01-07-2024,INDIGO,Largecap,Services
02-07-2024,ABB,Largecap,FMCG
02-07-2024,TATASTEEL,Largecap,Metals
02-07-2024,LT,Largecap,Realty
02-07-2024,BRITANNIA,Largecap,FMCG
02-07-2024,APOLLOHOSP,Largecap,Pharmaceuticals
02-07-2024,SHRIRAMFIN,Largecap,Finance
02-07-2024,LICI,Largecap,Services
02-07-2024,MARICO,Largecap,FMCG
02-07-2024,BHARTIARTL,Largecap,Telecom
02-07-2024,ADANIPORTS,Largecap,Industrials
02-07-2024,ADANIPOWER,Largecap,Miscellaneous
02-07-2024,COALINDIA,Largecap,Industrials
02-07-2024,IRFC,Largecap,Finance
03-07-2024,CIPLA,Largecap,Pharmaceuticals
03-07-2024,TATASTEEL,Largecap,Metals
03-07-2024,HAVELLS,Largecap,FMCG
03-07-2024,DMART,Largecap,FMCG
03-07-2024,DIVISLAB,Largecap,Pharmaceuticals
04-07-2024,ABB,Largecap,FMCG
04-07-2024,DABUR,Largecap,FMCG
04-07-2024,HEROMOTOCO,Largecap,Auto
04-07-2024,VEDL,Largecap,Industrials
04-07-2024,GRASIM,Largecap,Textiles
04-07-2024,TORNTPHARM,Largecap,Pharmaceuticals
04-07-2024,AMBUJACEM,Largecap,Industrials
04-07-2024,M&M,Largecap,Auto
04-07-2024,SIEMENS,Largecap,FMCG
04-07-2024,NESTLEIND,Largecap,FMCG
04-07-2024,EICHERMOT,Largecap,Auto
04-07-2024,LICI,Largecap,Services
04-07-2024,MOTHERSON,Largecap,Auto
04-07-2024,SBILIFE,Largecap,Services
04-07-2024,MARICO,Largecap,FMCG
04-07-2024,GAIL,Largecap,Industrials
04-07-2024,JINDALSTEL,Largecap,Metals
04-07-2024,UNITDSPR,Largecap,FMCG
04-07-2024,ULTRACEMCO,Largecap,Industrials
04-07-2024,NTPC,Largecap,Miscellaneous
04-07-2024,TECHM,Largecap,I.T
04-07-2024,INDIGO,Largecap,Services
05-07-2024,BEL,Largecap,Aerospace & Defence
05-07-2024,HEROMOTOCO,Largecap,Auto
05-07-2024,PIDILITIND,Largecap,Industrials
05-07-2024,NESTLEIND,Largecap,FMCG
05-07-2024,COLPAL,Largecap,FMCG
05-07-2024,EICHERMOT,Largecap,Auto
05-07-2024,CHOLAFIN,Largecap,Finance
05-07-2024,DMART,Largecap,FMCG
05-07-2024,ICICIBANK,Largecap,Bank
05-07-2024,GODREJCP,Largecap,FMCG
05-07-2024,POWERGRID,Largecap,Miscellaneous
05-07-2024,BAJAJ-AUTO,Largecap,Auto
05-07-2024,ADANIPOWER,Largecap,Miscellaneous
05-07-2024,ZOMATO,Largecap,I.T
05-07-2024,VBL,Largecap,FMCG
08-07-2024,ABB,Largecap,FMCG
08-07-2024,TATAMTRDVR,Largecap,Auto
08-07-2024,DABUR,Largecap,FMCG
08-07-2024,DRREDDY,Largecap,Pharmaceuticals
08-07-2024,JSWSTEEL,Largecap,Metals
08-07-2024,PIDILITIND,Largecap,Industrials
08-07-2024,HINDALCO,Largecap,Metals
08-07-2024,SIEMENS,Largecap,FMCG
08-07-2024,WIPRO,Largecap,I.T
08-07-2024,ADANIENT,Largecap,Services
08-07-2024,SUNPHARMA,Largecap,Pharmaceuticals
08-07-2024,GODREJCP,Largecap,FMCG
08-07-2024,BHARTIARTL,Largecap,Telecom
08-07-2024,TCS,Largecap,I.T
08-07-2024,TECHM,Largecap,I.T
08-07-2024,ADANIPORTS,Largecap,Industrials
08-07-2024,ADANIPOWER,Largecap,Miscellaneous
09-07-2024,DRREDDY,Largecap,Pharmaceuticals
09-07-2024,TRENT,Largecap,FMCG
09-07-2024,AMBUJACEM,Largecap,Industrials
09-07-2024,BHARTIARTL,Largecap,Telecom
09-07-2024,NTPC,Largecap,Miscellaneous
09-07-2024,TECHM,Largecap,I.T
09-07-2024,POWERGRID,Largecap,Miscellaneous
10-07-2024,HDFCBANK,Largecap,Bank
10-07-2024,JSWSTEEL,Largecap,Metals
10-07-2024,TRENT,Largecap,FMCG
10-07-2024,VEDL,Largecap,Industrials
10-07-2024,SIEMENS,Largecap,FMCG
10-07-2024,SHRIRAMFIN,Largecap,Finance
10-07-2024,SBILIFE,Largecap,Services
10-07-2024,ICICIGI,Largecap,Services
10-07-2024,AXISBANK,Largecap,Bank
10-07-2024,ZYDUSLIFE,Largecap,Pharmaceuticals
10-07-2024,BHARTIARTL,Largecap,Telecom
10-07-2024,TCS,Largecap,I.T
10-07-2024,TECHM,Largecap,I.T
11-07-2024,HDFCBANK,Largecap,Bank
11-07-2024,ICICIBANK,Largecap,Bank
12-07-2024,BEL,Largecap,Aerospace & Defence
12-07-2024,SBIN,Largecap,Bank
12-07-2024,DRREDDY,Largecap,Pharmaceuticals
12-07-2024,HEROMOTOCO,Largecap,Auto
12-07-2024,APOLLOHOSP,Largecap,Pharmaceuticals
12-07-2024,ICICIGI,Largecap,Services
12-07-2024,TVSMOTOR,Largecap,Auto
15-07-2024,CIPLA,Largecap,Pharmaceuticals
15-07-2024,SBIN,Largecap,Bank
15-07-2024,AMBUJACEM,Largecap,Industrials
15-07-2024,M&M,Largecap,Auto
15-07-2024,TATAMOTORS,Largecap,Auto
15-07-2024,LICI,Largecap,Services
15-07-2024,MOTHERSON,Largecap,Auto
15-07-2024,ICICIGI,Largecap,Services
15-07-2024,JINDALSTEL,Largecap,Metals
15-07-2024,ZYDUSLIFE,Largecap,Pharmaceuticals
15-07-2024,ICICIPRULI,Largecap,Services
16-07-2024,BEL,Largecap,Aerospace & Defence
16-07-2024,HDFCBANK,Largecap,Bank
16-07-2024,TORNTPHARM,Largecap,Pharmaceuticals
16-07-2024,LT,Largecap,Realty
16-07-2024,M&M,Largecap,Auto
16-07-2024,HINDUNILVR,Largecap,FMCG
16-07-2024,NESTLEIND,Largecap,FMCG
16-07-2024,TATACONSUM,Largecap,FMCG
16-07-2024,BRITANNIA,Largecap,FMCG
16-07-2024,SUNPHARMA,Largecap,Pharmaceuticals
16-07-2024,IRCTC,Largecap,Miscellaneous
16-07-2024,ICICIBANK,Largecap,Bank
16-07-2024,TVSMOTOR,Largecap,Auto
16-07-2024,DIVISLAB,Largecap,Pharmaceuticals
16-07-2024,RECLTD,Largecap,Finance
18-07-2024,ABB,Largecap,FMCG
18-07-2024,HDFCBANK,Largecap,Bank
18-07-2024,GRASIM,Largecap,Textiles
18-07-2024,LT,Largecap,Realty
18-07-2024,M&M,Largecap,Auto
18-07-2024,TATAMOTORS,Largecap,Auto
18-07-2024,WIPRO,Largecap,I.T
18-07-2024,APOLLOHOSP,Largecap,Pharmaceuticals
18-07-2024,MOTHERSON,Largecap,Auto
18-07-2024,ZYDUSLIFE,Largecap,Pharmaceuticals
18-07-2024,DIVISLAB,Largecap,Pharmaceuticals
19-07-2024,COLPAL,Largecap,FMCG
19-07-2024,DMART,Largecap,FMCG
19-07-2024,UNITDSPR,Largecap,FMCG
19-07-2024,VBL,Largecap,FMCG
22-07-2024,TATACONSUM,Largecap,FMCG
22-07-2024,ICICIBANK,Largecap,Bank
23-07-2024,MARICO,Largecap,FMCG
23-07-2024,AXISBANK,Largecap,Bank
23-07-2024,TECHM,Largecap,I.T
23-07-2024,IRFC,Largecap,Finance
23-07-2024,VBL,Largecap,FMCG
25-07-2024,INFY,Largecap,I.T
25-07-2024,EICHERMOT,Largecap,Auto
25-07-2024,ULTRACEMCO,Largecap,Industrials
25-07-2024,BAJAJ-AUTO,Largecap,Auto
26-07-2024,CIPLA,Largecap,Pharmaceuticals
26-07-2024,DABUR,Largecap,FMCG
26-07-2024,SBIN,Largecap,Bank
26-07-2024,INFY,Largecap,I.T
26-07-2024,RELIANCE,Largecap,Industrials
26-07-2024,PIDILITIND,Largecap,Industrials
26-07-2024,BRITANNIA,Largecap,FMCG
26-07-2024,EICHERMOT,Largecap,Auto
26-07-2024,SHRIRAMFIN,Largecap,Finance
26-07-2024,BHARTIARTL,Largecap,Telecom
26-07-2024,MARUTI,Largecap,Auto
26-07-2024,ULTRACEMCO,Largecap,Industrials
26-07-2024,PFC,Largecap,Finance
26-07-2024,RECLTD,Largecap,Finance
29-07-2024,DABUR,Largecap,FMCG
29-07-2024,TRENT,Largecap,FMCG
29-07-2024,ONGC,Largecap,Oils
29-07-2024,RELIANCE,Largecap,Industrials
29-07-2024,BPCL,Largecap,Industrials
29-07-2024,NESTLEIND,Largecap,FMCG
29-07-2024,TATACONSUM,Largecap,FMCG
29-07-2024,ICICIGI,Largecap,Services
29-07-2024,GAIL,Largecap,Industrials
29-07-2024,ZYDUSLIFE,Largecap,Pharmaceuticals
29-07-2024,GODREJCP,Largecap,FMCG
29-07-2024,POWERGRID,Largecap,Miscellaneous
29-07-2024,IRFC,Largecap,Finance
30-07-2024,TATAMTRDVR,Largecap,Auto
30-07-2024,GRASIM,Largecap,Textiles
30-07-2024,RELIANCE,Largecap,Industrials
30-07-2024,PIDILITIND,Largecap,Industrials
30-07-2024,TATAMOTORS,Largecap,Auto
30-07-2024,NESTLEIND,Largecap,FMCG
30-07-2024,LICI,Largecap,Services
30-07-2024,DMART,Largecap,FMCG
30-07-2024,NAUKRI,Largecap,I.T
30-07-2024,ADANIPORTS,Largecap,Industrials
30-07-2024,BAJAJ-AUTO,Largecap,Auto
30-07-2024,COALINDIA,Largecap,Industrials
30-07-2024,ZOMATO,Largecap,I.T
30-07-2024,ICICIPRULI,Largecap,Services
31-07-2024,DRREDDY,Largecap,Pharmaceuticals
31-07-2024,KOTAKBANK,Largecap,Bank
31-07-2024,ONGC,Largecap,Oils
31-07-2024,RELIANCE,Largecap,Industrials
31-07-2024,AMBUJACEM,Largecap,Industrials
31-07-2024,LT,Largecap,Realty
31-07-2024,ITC,Largecap,FMCG
31-07-2024,LICI,Largecap,Services
31-07-2024,MOTHERSON,Largecap,Auto
31-07-2024,SUNPHARMA,Largecap,Pharmaceuticals
31-07-2024,HCLTECH,Largecap,I.T
31-07-2024,DIVISLAB,Largecap,Pharmaceuticals
31-07-2024,NAUKRI,Largecap,I.T
31-07-2024,DLF,Largecap,Realty
31-07-2024,RECLTD,Largecap,Finance
31-07-2024,IRFC,Largecap,Finance
01-08-2024,TATAMTRDVR,Largecap,Auto
01-08-2024,BEL,Largecap,Aerospace & Defence
01-08-2024,SBIN,Largecap,Bank
01-08-2024,DRREDDY,Largecap,Pharmaceuticals
01-08-2024,HDFCBANK,Largecap,Bank
01-08-2024,GRASIM,Largecap,Textiles
01-08-2024,RELIANCE,Largecap,Industrials
01-08-2024,COLPAL,Largecap,FMCG
01-08-2024,ITC,Largecap,FMCG
01-08-2024,WIPRO,Largecap,I.T
01-08-2024,SHRIRAMFIN,Largecap,Finance
01-08-2024,CHOLAFIN,Largecap,Finance
01-08-2024,LICI,Largecap,Services
01-08-2024,ICICIBANK,Largecap,Bank
01-08-2024,GODREJCP,Largecap,FMCG
01-08-2024,UNITDSPR,Largecap,FMCG
01-08-2024,ULTRACEMCO,Largecap,Industrials
01-08-2024,NTPC,Largecap,Miscellaneous
01-08-2024,TECHM,Largecap,I.T
01-08-2024,NAUKRI,Largecap,I.T
01-08-2024,PFC,Largecap,Finance
01-08-2024,RECLTD,Largecap,Finance
01-08-2024,IRFC,Largecap,Finance
01-08-2024,ZOMATO,Largecap,I.T
01-08-2024,INDIGO,Largecap,Services
02-08-2024,CIPLA,Largecap,Pharmaceuticals
02-08-2024,GRASIM,Largecap,Textiles
02-08-2024,ITC,Largecap,FMCG
02-08-2024,UNITDSPR,Largecap,FMCG
02-08-2024,TCS,Largecap,I.T
02-08-2024,NTPC,Largecap,Miscellaneous
02-08-2024,ICICIPRULI,Largecap,Services
05-08-2024,ICICIBANK,Largecap,Bank
08-08-2024,TATAMTRDVR,Largecap,Auto
08-08-2024,DABUR,Largecap,FMCG
08-08-2024,GRASIM,Largecap,Textiles
08-08-2024,LT,Largecap,Realty
08-08-2024,BRITANNIA,Largecap,FMCG
08-08-2024,COLPAL,Largecap,FMCG
08-08-2024,DMART,Largecap,FMCG
08-08-2024,SUNPHARMA,Largecap,Pharmaceuticals
08-08-2024,SBILIFE,Largecap,Services
08-08-2024,ICICIGI,Largecap,Services
08-08-2024,ADANIGREEN,Largecap,Miscellaneous
08-08-2024,IOC,Largecap,Industrials
08-08-2024,MARUTI,Largecap,Auto
08-08-2024,ULTRACEMCO,Largecap,Industrials
08-08-2024,NTPC,Largecap,Miscellaneous
09-08-2024,DABUR,Largecap,FMCG
09-08-2024,KOTAKBANK,Largecap,Bank
09-08-2024,ONGC,Largecap,Oils
09-08-2024,TORNTPHARM,Largecap,Pharmaceuticals
09-08-2024,TATACONSUM,Largecap,FMCG
09-08-2024,COLPAL,Largecap,FMCG
09-08-2024,ITC,Largecap,FMCG
09-08-2024,SUNPHARMA,Largecap,Pharmaceuticals
09-08-2024,IOC,Largecap,Industrials
09-08-2024,GAIL,Largecap,Industrials
09-08-2024,TECHM,Largecap,I.T
09-08-2024,COALINDIA,Largecap,Industrials
09-08-2024,ADANIENSOL,Largecap,Miscellaneous
12-08-2024,DRREDDY,Largecap,Pharmaceuticals
12-08-2024,HDFCBANK,Largecap,Bank
12-08-2024,TATAPOWER,Largecap,Miscellaneous
12-08-2024,TORNTPHARM,Largecap,Pharmaceuticals
12-08-2024,LT,Largecap,Realty
12-08-2024,BPCL,Largecap,Industrials
12-08-2024,TATACONSUM,Largecap,FMCG
12-08-2024,BRITANNIA,Largecap,FMCG
12-08-2024,ITC,Largecap,FMCG
12-08-2024,APOLLOHOSP,Largecap,Pharmaceuticals
12-08-2024,DMART,Largecap,FMCG
12-08-2024,SUNPHARMA,Largecap,Pharmaceuticals
12-08-2024,GAIL,Largecap,Industrials
12-08-2024,TVSMOTOR,Largecap,Auto
12-08-2024,DIVISLAB,Largecap,Pharmaceuticals
12-08-2024,TCS,Largecap,I.T
12-08-2024,PFC,Largecap,Finance
12-08-2024,DLF,Largecap,Realty
12-08-2024,POWERGRID,Largecap,Miscellaneous
12-08-2024,ADANIPORTS,Largecap,Industrials
12-08-2024,RECLTD,Largecap,Finance
12-08-2024,COALINDIA,Largecap,Industrials
12-08-2024,IRFC,Largecap,Finance
12-08-2024,ZOMATO,Largecap,I.T
12-08-2024,ADANIENSOL,Largecap,Miscellaneous
12-08-2024,INDIGO,Largecap,Services
12-08-2024,ICICIPRULI,Largecap,Services
13-08-2024,TRENT,Largecap,FMCG
13-08-2024,TORNTPHARM,Largecap,Pharmaceuticals
13-08-2024,BPCL,Largecap,Industrials
13-08-2024,TATAMOTORS,Largecap,Auto
13-08-2024,SRF,Largecap,Industrials
13-08-2024,DMART,Largecap,FMCG
13-08-2024,SUNPHARMA,Largecap,Pharmaceuticals
13-08-2024,TVSMOTOR,Largecap,Auto
13-08-2024,DLF,Largecap,Realty
13-08-2024,POWERGRID,Largecap,Miscellaneous
13-08-2024,BAJAJ-AUTO,Largecap,Auto
13-08-2024,COALINDIA,Largecap,Industrials
13-08-2024,ZOMATO,Largecap,I.T
14-08-2024,INFY,Largecap,I.T
14-08-2024,TRENT,Largecap,FMCG
14-08-2024,HINDUNILVR,Largecap,FMCG
14-08-2024,COLPAL,Largecap,FMCG
14-08-2024,GODREJCP,Largecap,FMCG
14-08-2024,ULTRACEMCO,Largecap,Industrials
16-08-2024,TATAMTRDVR,Largecap,Auto
16-08-2024,TATAMOTORS,Largecap,Auto
16-08-2024,SHRIRAMFIN,Largecap,Finance
16-08-2024,TECHM,Largecap,I.T
16-08-2024,BAJAJ-AUTO,Largecap,Auto
16-08-2024,LTIM,Largecap,I.T
19-08-2024,TRENT,Largecap,FMCG
19-08-2024,ONGC,Largecap,Oils
19-08-2024,SRF,Largecap,Industrials
19-08-2024,LICI,Largecap,Services
19-08-2024,ZYDUSLIFE,Largecap,Pharmaceuticals
19-08-2024,BHARTIARTL,Largecap,Telecom
19-08-2024,DIVISLAB,Largecap,Pharmaceuticals
20-08-2024,CIPLA,Largecap,Pharmaceuticals
20-08-2024,INFY,Largecap,I.T
20-08-2024,ONGC,Largecap,Oils
20-08-2024,TORNTPHARM,Largecap,Pharmaceuticals
20-08-2024,HINDUNILVR,Largecap,FMCG
20-08-2024,BRITANNIA,Largecap,FMCG
20-08-2024,COLPAL,Largecap,FMCG
20-08-2024,SRF,Largecap,Industrials
20-08-2024,LICI,Largecap,Services
20-08-2024,SUNPHARMA,Largecap,Pharmaceuticals
20-08-2024,HDFCLIFE,Largecap,Services
20-08-2024,HCLTECH,Largecap,I.T
20-08-2024,ZYDUSLIFE,Largecap,Pharmaceuticals
20-08-2024,TVSMOTOR,Largecap,Auto
20-08-2024,DIVISLAB,Largecap,Pharmaceuticals
20-08-2024,NTPC,Largecap,Miscellaneous
20-08-2024,NAUKRI,Largecap,I.T
20-08-2024,POWERGRID,Largecap,Miscellaneous
20-08-2024,ADANIPORTS,Largecap,Industrials
20-08-2024,ADANIENSOL,Largecap,Miscellaneous
20-08-2024,ICICIPRULI,Largecap,Services
21-08-2024,TATAMTRDVR,Largecap,Auto
21-08-2024,DABUR,Largecap,FMCG
21-08-2024,INFY,Largecap,I.T
21-08-2024,TORNTPHARM,Largecap,Pharmaceuticals
21-08-2024,TATAMOTORS,Largecap,Auto
21-08-2024,HINDUNILVR,Largecap,FMCG
21-08-2024,SRF,Largecap,Industrials
21-08-2024,LICI,Largecap,Services
21-08-2024,MARICO,Largecap,FMCG
21-08-2024,HCLTECH,Largecap,I.T
21-08-2024,TVSMOTOR,Largecap,Auto
21-08-2024,UNITDSPR,Largecap,FMCG
21-08-2024,DIVISLAB,Largecap,Pharmaceuticals
21-08-2024,NTPC,Largecap,Miscellaneous
21-08-2024,NAUKRI,Largecap,I.T
21-08-2024,DLF,Largecap,Realty
21-08-2024,POWERGRID,Largecap,Miscellaneous
21-08-2024,ADANIENSOL,Largecap,Miscellaneous
22-08-2024,TATAMTRDVR,Largecap,Auto
22-08-2024,INFY,Largecap,I.T
22-08-2024,TRENT,Largecap,FMCG
22-08-2024,ONGC,Largecap,Oils
22-08-2024,TORNTPHARM,Largecap,Pharmaceuticals
22-08-2024,TATAMOTORS,Largecap,Auto
22-08-2024,TATACONSUM,Largecap,FMCG
22-08-2024,SRF,Largecap,Industrials
22-08-2024,ICICIGI,Largecap,Services
22-08-2024,GAIL,Largecap,Industrials
22-08-2024,HCLTECH,Largecap,I.T
22-08-2024,TVSMOTOR,Largecap,Auto
22-08-2024,BHARTIARTL,Largecap,Telecom
22-08-2024,NTPC,Largecap,Miscellaneous
22-08-2024,NAUKRI,Largecap,I.T
22-08-2024,LTIM,Largecap,I.T
23-08-2024,BPCL,Largecap,Industrials
23-08-2024,EICHERMOT,Largecap,Auto
23-08-2024,APOLLOHOSP,Largecap,Pharmaceuticals
23-08-2024,SHRIRAMFIN,Largecap,Finance
23-08-2024,SBILIFE,Largecap,Services
23-08-2024,HDFCLIFE,Largecap,Services
23-08-2024,HCLTECH,Largecap,I.T
23-08-2024,ZYDUSLIFE,Largecap,Pharmaceuticals
23-08-2024,DIVISLAB,Largecap,Pharmaceuticals
23-08-2024,RECLTD,Largecap,Finance
26-08-2024,DRREDDY,Largecap,Pharmaceuticals
26-08-2024,BAJAJHLDNG,Largecap,Finance
26-08-2024,APOLLOHOSP,Largecap,Pharmaceuticals
26-08-2024,SBILIFE,Largecap,Services
26-08-2024,HDFCLIFE,Largecap,Services
26-08-2024,ADANIGREEN,Largecap,Miscellaneous
26-08-2024,TCS,Largecap,I.T
26-08-2024,TECHM,Largecap,I.T
27-08-2024,BHARTIARTL,Largecap,Telecom
28-08-2024,HINDALCO,Largecap,Metals
28-08-2024,TATACONSUM,Largecap,FMCG
28-08-2024,ADANIGREEN,Largecap,Miscellaneous
28-08-2024,TCS,Largecap,I.T
28-08-2024,TECHM,Largecap,I.T
28-08-2024,ADANIENSOL,Largecap,Miscellaneous
29-08-2024,VEDL,Largecap,Industrials
29-08-2024,HINDALCO,Largecap,Metals
29-08-2024,HAVELLS,Largecap,FMCG
30-08-2024,DABUR,Largecap,FMCG
02-09-2024,INFY,Largecap,I.T
02-09-2024,GRASIM,Largecap,Textiles
02-09-2024,ONGC,Largecap,Oils
02-09-2024,TATAMOTORS,Largecap,Auto
02-09-2024,TATACONSUM,Largecap,FMCG
02-09-2024,WIPRO,Largecap,I.T
02-09-2024,INDIGO,Largecap,Services
03-09-2024,HINDUNILVR,Largecap,FMCG
03-09-2024,COLPAL,Largecap,FMCG
03-09-2024,SHRIRAMFIN,Largecap,Finance
03-09-2024,DMART,Largecap,FMCG
03-09-2024,MARICO,Largecap,FMCG
03-09-2024,UNITDSPR,Largecap,FMCG
03-09-2024,DLF,Largecap,Realty
03-09-2024,ICICIPRULI,Largecap,Services
04-09-2024,CIPLA,Largecap,Pharmaceuticals
04-09-2024,JSWSTEEL,Largecap,Metals
04-09-2024,GRASIM,Largecap,Textiles
04-09-2024,BPCL,Largecap,Industrials
04-09-2024,ASIANPAINT,Largecap,Industrials
04-09-2024,COLPAL,Largecap,FMCG
04-09-2024,APOLLOHOSP,Largecap,Pharmaceuticals
04-09-2024,TVSMOTOR,Largecap,Auto
04-09-2024,DIVISLAB,Largecap,Pharmaceuticals
04-09-2024,NTPC,Largecap,Miscellaneous
04-09-2024,BAJAJ-AUTO,Largecap,Auto
04-09-2024,COALINDIA,Largecap,Industrials
04-09-2024,INDIGO,Largecap,Services
05-09-2024,TATAMOTORS,Largecap,Auto
05-09-2024,SBILIFE,Largecap,Services
05-09-2024,GAIL,Largecap,Industrials
05-09-2024,PFC,Largecap,Finance
05-09-2024,RECLTD,Largecap,Finance
05-09-2024,ZOMATO,Largecap,I.T
06-09-2024,TRENT,Largecap,FMCG
06-09-2024,PIDILITIND,Largecap,Industrials
06-09-2024,HINDALCO,Largecap,Metals
06-09-2024,COLPAL,Largecap,FMCG
06-09-2024,ITC,Largecap,FMCG
06-09-2024,SUNPHARMA,Largecap,Pharmaceuticals
06-09-2024,HDFCLIFE,Largecap,Services
06-09-2024,MARICO,Largecap,FMCG
06-09-2024,TCS,Largecap,I.T
06-09-2024,TECHM,Largecap,I.T
06-09-2024,NAUKRI,Largecap,I.T
06-09-2024,BAJAJFINSV,Largecap,Finance
09-09-2024,BRITANNIA,Largecap,FMCG
10-09-2024,HEROMOTOCO,Largecap,Auto
10-09-2024,TRENT,Largecap,FMCG
10-09-2024,LT,Largecap,Realty
10-09-2024,CHOLAFIN,Largecap,Finance
10-09-2024,SUNPHARMA,Largecap,Pharmaceuticals
10-09-2024,LTIM,Largecap,I.T
11-09-2024,DABUR,Largecap,FMCG
11-09-2024,TRENT,Largecap,FMCG
11-09-2024,VEDL,Largecap,Industrials
11-09-2024,BAJAJHLDNG,Largecap,Finance
11-09-2024,TATACONSUM,Largecap,FMCG
11-09-2024,SRF,Largecap,Industrials
11-09-2024,SUNPHARMA,Largecap,Pharmaceuticals
11-09-2024,ADANIGREEN,Largecap,Miscellaneous
11-09-2024,IOC,Largecap,Industrials
11-09-2024,MARICO,Largecap,FMCG
11-09-2024,UNITDSPR,Largecap,FMCG
12-09-2024,INFY,Largecap,I.T
12-09-2024,TORNTPHARM,Largecap,Pharmaceuticals
12-09-2024,BAJAJHLDNG,Largecap,Finance
12-09-2024,APOLLOHOSP,Largecap,Pharmaceuticals
12-09-2024,SHRIRAMFIN,Largecap,Finance
12-09-2024,CHOLAFIN,Largecap,Finance
12-09-2024,HCLTECH,Largecap,I.T
12-09-2024,LTIM,Largecap,I.T
13-09-2024,DABUR,Largecap,FMCG
13-09-2024,BAJAJHLDNG,Largecap,Finance
13-09-2024,BPCL,Largecap,Industrials
13-09-2024,SRF,Largecap,Industrials
13-09-2024,ADANIGREEN,Largecap,Miscellaneous
13-09-2024,MARICO,Largecap,FMCG
13-09-2024,SBICARD,Largecap,Finance
13-09-2024,UNITDSPR,Largecap,FMCG
16-09-2024,HEROMOTOCO,Largecap,Auto
16-09-2024,TRENT,Largecap,FMCG
16-09-2024,BAJAJHLDNG,Largecap,Finance
16-09-2024,CHOLAFIN,Largecap,Finance
16-09-2024,DMART,Largecap,FMCG
16-09-2024,SUNPHARMA,Largecap,Pharmaceuticals
16-09-2024,ICICIGI,Largecap,Services
16-09-2024,TVSMOTOR,Largecap,Auto
16-09-2024,ULTRACEMCO,Largecap,Industrials
16-09-2024,TCS,Largecap,I.T
16-09-2024,TECHM,Largecap,I.T
16-09-2024,ICICIPRULI,Largecap,Services
17-09-2024,CIPLA,Largecap,Pharmaceuticals
17-09-2024,INFY,Largecap,I.T
17-09-2024,KOTAKBANK,Largecap,Bank
17-09-2024,PIDILITIND,Largecap,Industrials
17-09-2024,TORNTPHARM,Largecap,Pharmaceuticals
17-09-2024,HINDALCO,Largecap,Metals
17-09-2024,BOSCHLTD,Largecap,Auto
17-09-2024,BPCL,Largecap,Industrials
17-09-2024,WIPRO,Largecap,I.T
17-09-2024,APOLLOHOSP,Largecap,Pharmaceuticals
17-09-2024,BERGEPAINT,Largecap,Industrials
17-09-2024,HAVELLS,Largecap,FMCG
17-09-2024,DMART,Largecap,FMCG
17-09-2024,ICICIGI,Largecap,Services
17-09-2024,HCLTECH,Largecap,I.T
17-09-2024,BHARTIARTL,Largecap,Telecom
17-09-2024,DIVISLAB,Largecap,Pharmaceuticals
17-09-2024,BAJAJ-AUTO,Largecap,Auto
17-09-2024,INDIGO,Largecap,Services
17-09-2024,LTIM,Largecap,I.T
17-09-2024,ICICIPRULI,Largecap,Services
18-09-2024,INFY,Largecap,I.T
18-09-2024,JSWSTEEL,Largecap,Metals
18-09-2024,TORNTPHARM,Largecap,Pharmaceuticals
18-09-2024,HINDALCO,Largecap,Metals
18-09-2024,DMART,Largecap,FMCG
18-09-2024,SUNPHARMA,Largecap,Pharmaceuticals
18-09-2024,IOC,Largecap,Industrials
18-09-2024,AXISBANK,Largecap,Bank
18-09-2024,ZOMATO,Largecap,I.T
18-09-2024,ICICIPRULI,Largecap,Services
19-09-2024,VEDL,Largecap,Industrials
19-09-2024,HINDUNILVR,Largecap,FMCG
19-09-2024,BERGEPAINT,Largecap,Industrials
19-09-2024,NTPC,Largecap,Miscellaneous
19-09-2024,ZOMATO,Largecap,I.T
19-09-2024,VBL,Largecap,FMCG
20-09-2024,ASIANPAINT,Largecap,Industrials
20-09-2024,GODREJCP,Largecap,FMCG
20-09-2024,BAJAJFINSV,Largecap,Finance
23-09-2024,TATAPOWER,Largecap,Miscellaneous
23-09-2024,HINDALCO,Largecap,Metals
24-09-2024,JSWSTEEL,Largecap,Metals
24-09-2024,GRASIM,Largecap,Textiles
24-09-2024,PIDILITIND,Largecap,Industrials
24-09-2024,BRITANNIA,Largecap,FMCG
24-09-2024,ITC,Largecap,FMCG
24-09-2024,AXISBANK,Largecap,Bank
24-09-2024,JINDALSTEL,Largecap,Metals
24-09-2024,GODREJCP,Largecap,FMCG
24-09-2024,NTPC,Largecap,Miscellaneous
24-09-2024,BAJAJFINSV,Largecap,Finance
24-09-2024,ZOMATO,Largecap,I.T
24-09-2024,INDIGO,Largecap,Services
24-09-2024,VBL,Largecap,FMCG
25-09-2024,TRENT,Largecap,FMCG
25-09-2024,ITC,Largecap,FMCG
25-09-2024,EICHERMOT,Largecap,Auto
25-09-2024,MOTHERSON,Largecap,Auto
25-09-2024,JIOFIN,Largecap,Finance
25-09-2024,AXISBANK,Largecap,Bank
25-09-2024,BHARTIARTL,Largecap,Telecom
25-09-2024,NTPC,Largecap,Miscellaneous
26-09-2024,BAJAJHLDNG,Largecap,Finance
26-09-2024,LT,Largecap,Realty
26-09-2024,APOLLOHOSP,Largecap,Pharmaceuticals
26-09-2024,MOTHERSON,Largecap,Auto
26-09-2024,JIOFIN,Largecap,Finance
26-09-2024,TVSMOTOR,Largecap,Auto
26-09-2024,BAJAJ-AUTO,Largecap,Auto
27-09-2024,DABUR,Largecap,FMCG
27-09-2024,BOSCHLTD,Largecap,Auto
27-09-2024,COLPAL,Largecap,FMCG
27-09-2024,WIPRO,Largecap,I.T
27-09-2024,JIOFIN,Largecap,Finance
27-09-2024,ICICIGI,Largecap,Services
27-09-2024,SBICARD,Largecap,Finance
27-09-2024,TECHM,Largecap,I.T
27-09-2024,ZOMATO,Largecap,I.T
27-09-2024,LTIM,Largecap,I.T
30-09-2024,ABB,Largecap,FMCG
30-09-2024,BAJFINANCE,Largecap,Finance
30-09-2024,TATACONSUM,Largecap,FMCG
30-09-2024,SHRIRAMFIN,Largecap,Finance
01-10-2024,CHOLAFIN,Largecap,Finance
01-10-2024,ULTRACEMCO,Largecap,Industrials
01-10-2024,ZOMATO,Largecap,I.T